map,num_samples,time
empty,100,2.67044997215271
empty,200,5.130790948867798
corridor,100,7.109111070632935
corridor,200,19.473484754562378
obstacle,100,14.530533075332642
obstacle,200,39.41403102874756
swarm,100,18.52308201789856
swarm,200,51.528873920440674
multi_swarm,100,7.599906921386719
multi_swarm,200,20.22258472442627
